id,rowId,type,column,originalValue,injectedValue,severity,reason,ruleFormula
anom_53_missing,53,MISSING_NULL,customer_email,casey_53@outlook.com,,MEDIUM,Omitted customer contact attribute,row['customer_email'] := null
anom_72_extreme,72,EXTREME_VALUE,amount,103.62,2497.94,HIGH,Outlier injected: 24.1x Gaussian baseline,row['amount'] := base_amount * 24.1
anom_118_fraud,118,FRAUD_INJECTION,is_fraud,false,true,CRITICAL,Synthetic credit card compromise pattern,row['is_fraud'] := true
anom_128_fraud,128,FRAUD_INJECTION,is_fraud,false,true,CRITICAL,Synthetic credit card compromise pattern,row['is_fraud'] := true
anom_135_extreme,135,EXTREME_VALUE,amount,94.61,2603.82,HIGH,Outlier injected: 27.5x Gaussian baseline,row['amount'] := base_amount * 27.5
anom_151_extreme,151,EXTREME_VALUE,amount,129.6,5681.25,HIGH,Outlier injected: 43.8x Gaussian baseline,row['amount'] := base_amount * 43.8
anom_158_fraud,158,FRAUD_INJECTION,is_fraud,false,true,CRITICAL,Synthetic credit card compromise pattern,row['is_fraud'] := true
anom_192_missing,192,MISSING_NULL,customer_email,riley_192@yahoo.com,,MEDIUM,Omitted customer contact attribute,row['customer_email'] := null
anom_205_fraud,205,FRAUD_INJECTION,is_fraud,false,true,CRITICAL,Synthetic credit card compromise pattern,row['is_fraud'] := true
anom_213_fraud,213,FRAUD_INJECTION,is_fraud,false,true,CRITICAL,Synthetic credit card compromise pattern,row['is_fraud'] := true
anom_234_fraud,234,FRAUD_INJECTION,is_fraud,false,true,CRITICAL,Synthetic credit card compromise pattern,row['is_fraud'] := true
anom_267_fraud,267,FRAUD_INJECTION,is_fraud,false,true,CRITICAL,Synthetic credit card compromise pattern,row['is_fraud'] := true
anom_287_extreme,287,EXTREME_VALUE,amount,108.08,3423.94,HIGH,Outlier injected: 31.7x Gaussian baseline,row['amount'] := base_amount * 31.7
anom_308_fraud,308,FRAUD_INJECTION,is_fraud,false,true,CRITICAL,Synthetic credit card compromise pattern,row['is_fraud'] := true
anom_321_missing,321,MISSING_NULL,customer_email,alex_321@outlook.com,,MEDIUM,Omitted customer contact attribute,row['customer_email'] := null
anom_339_fraud,339,FRAUD_INJECTION,is_fraud,false,true,CRITICAL,Synthetic credit card compromise pattern,row['is_fraud'] := true
anom_362_missing,362,MISSING_NULL,customer_email,riley_362@outlook.com,,MEDIUM,Omitted customer contact attribute,row['customer_email'] := null
anom_371_missing,371,MISSING_NULL,customer_email,morgan_371@gmail.com,,MEDIUM,Omitted customer contact attribute,row['customer_email'] := null
anom_390_fraud,390,FRAUD_INJECTION,is_fraud,false,true,CRITICAL,Synthetic credit card compromise pattern,row['is_fraud'] := true
anom_392_fraud,392,FRAUD_INJECTION,is_fraud,false,true,CRITICAL,Synthetic credit card compromise pattern,row['is_fraud'] := true
anom_406_missing,406,MISSING_NULL,customer_email,alex_406@outlook.com,,MEDIUM,Omitted customer contact attribute,row['customer_email'] := null
anom_455_fraud,455,FRAUD_INJECTION,is_fraud,false,true,CRITICAL,Synthetic credit card compromise pattern,row['is_fraud'] := true
anom_463_extreme,463,EXTREME_VALUE,amount,196.27,7552.35,HIGH,Outlier injected: 38.5x Gaussian baseline,row['amount'] := base_amount * 38.5
anom_519_fraud,519,FRAUD_INJECTION,is_fraud,false,true,CRITICAL,Synthetic credit card compromise pattern,row['is_fraud'] := true
anom_532_fraud,532,FRAUD_INJECTION,is_fraud,false,true,CRITICAL,Synthetic credit card compromise pattern,row['is_fraud'] := true
anom_535_missing,535,MISSING_NULL,customer_email,casey_535@icloud.com,,MEDIUM,Omitted customer contact attribute,row['customer_email'] := null
anom_585_fraud,585,FRAUD_INJECTION,is_fraud,false,true,CRITICAL,Synthetic credit card compromise pattern,row['is_fraud'] := true
anom_633_extreme,633,EXTREME_VALUE,amount,101.57,2064.42,HIGH,Outlier injected: 20.3x Gaussian baseline,row['amount'] := base_amount * 20.3
anom_638_fraud,638,FRAUD_INJECTION,is_fraud,false,true,CRITICAL,Synthetic credit card compromise pattern,row['is_fraud'] := true
anom_670_missing,670,MISSING_NULL,customer_email,sam_670@outlook.com,,MEDIUM,Omitted customer contact attribute,row['customer_email'] := null
anom_687_extreme,687,EXTREME_VALUE,amount,155.63,5622.46,HIGH,Outlier injected: 36.1x Gaussian baseline,row['amount'] := base_amount * 36.1
anom_719_fraud,719,FRAUD_INJECTION,is_fraud,false,true,CRITICAL,Synthetic credit card compromise pattern,row['is_fraud'] := true
anom_722_extreme,722,EXTREME_VALUE,amount,110.88,3959.69,HIGH,Outlier injected: 35.7x Gaussian baseline,row['amount'] := base_amount * 35.7
anom_756_fraud,756,FRAUD_INJECTION,is_fraud,false,true,CRITICAL,Synthetic credit card compromise pattern,row['is_fraud'] := true
anom_781_fraud,781,FRAUD_INJECTION,is_fraud,false,true,CRITICAL,Synthetic credit card compromise pattern,row['is_fraud'] := true
anom_799_fraud,799,FRAUD_INJECTION,is_fraud,false,true,CRITICAL,Synthetic credit card compromise pattern,row['is_fraud'] := true
anom_811_missing,811,MISSING_NULL,customer_email,jordan_811@icloud.com,,MEDIUM,Omitted customer contact attribute,row['customer_email'] := null
anom_814_fraud,814,FRAUD_INJECTION,is_fraud,false,true,CRITICAL,Synthetic credit card compromise pattern,row['is_fraud'] := true
anom_821_fraud,821,FRAUD_INJECTION,is_fraud,false,true,CRITICAL,Synthetic credit card compromise pattern,row['is_fraud'] := true
anom_864_extreme,864,EXTREME_VALUE,amount,185.36,7373.21,HIGH,Outlier injected: 39.8x Gaussian baseline,row['amount'] := base_amount * 39.8
anom_875_missing,875,MISSING_NULL,customer_email,cameron_875@yahoo.com,,MEDIUM,Omitted customer contact attribute,row['customer_email'] := null
anom_893_missing,893,MISSING_NULL,customer_email,sam_893@yahoo.com,,MEDIUM,Omitted customer contact attribute,row['customer_email'] := null
anom_904_missing,904,MISSING_NULL,customer_email,riley_904@yahoo.com,,MEDIUM,Omitted customer contact attribute,row['customer_email'] := null
anom_905_missing,905,MISSING_NULL,customer_email,casey_905@outlook.com,,MEDIUM,Omitted customer contact attribute,row['customer_email'] := null
anom_915_missing,915,MISSING_NULL,customer_email,alex_915@gmail.com,,MEDIUM,Omitted customer contact attribute,row['customer_email'] := null
anom_957_missing,957,MISSING_NULL,customer_email,taylor_957@outlook.com,,MEDIUM,Omitted customer contact attribute,row['customer_email'] := null
anom_968_extreme,968,EXTREME_VALUE,amount,120.91,3629.71,HIGH,Outlier injected: 30.0x Gaussian baseline,row['amount'] := base_amount * 30.0
anom_980_fraud,980,FRAUD_INJECTION,is_fraud,false,true,CRITICAL,Synthetic credit card compromise pattern,row['is_fraud'] := true
anom_998_fraud,998,FRAUD_INJECTION,is_fraud,false,true,CRITICAL,Synthetic credit card compromise pattern,row['is_fraud'] := true
anom_1032_fraud,1032,FRAUD_INJECTION,is_fraud,false,true,CRITICAL,Synthetic credit card compromise pattern,row['is_fraud'] := true
anom_1064_extreme,1064,EXTREME_VALUE,amount,157.86,4716.2,HIGH,Outlier injected: 29.9x Gaussian baseline,row['amount'] := base_amount * 29.9
anom_1083_missing,1083,MISSING_NULL,customer_email,casey_1083@icloud.com,,MEDIUM,Omitted customer contact attribute,row['customer_email'] := null
anom_1092_extreme,1092,EXTREME_VALUE,amount,142.49,5781.26,HIGH,Outlier injected: 40.6x Gaussian baseline,row['amount'] := base_amount * 40.6
anom_1097_fraud,1097,FRAUD_INJECTION,is_fraud,false,true,CRITICAL,Synthetic credit card compromise pattern,row['is_fraud'] := true
anom_1106_extreme,1106,EXTREME_VALUE,amount,114.12,2976.64,HIGH,Outlier injected: 26.1x Gaussian baseline,row['amount'] := base_amount * 26.1
anom_1138_fraud,1138,FRAUD_INJECTION,is_fraud,false,true,CRITICAL,Synthetic credit card compromise pattern,row['is_fraud'] := true
anom_1146_missing,1146,MISSING_NULL,customer_email,casey_1146@outlook.com,,MEDIUM,Omitted customer contact attribute,row['customer_email'] := null
anom_1184_missing,1184,MISSING_NULL,customer_email,sam_1184@icloud.com,,MEDIUM,Omitted customer contact attribute,row['customer_email'] := null
anom_1189_missing,1189,MISSING_NULL,customer_email,morgan_1189@outlook.com,,MEDIUM,Omitted customer contact attribute,row['customer_email'] := null
anom_1230_missing,1230,MISSING_NULL,customer_email,taylor_1230@gmail.com,,MEDIUM,Omitted customer contact attribute,row['customer_email'] := null
anom_1268_fraud,1268,FRAUD_INJECTION,is_fraud,false,true,CRITICAL,Synthetic credit card compromise pattern,row['is_fraud'] := true
anom_1283_fraud,1283,FRAUD_INJECTION,is_fraud,false,true,CRITICAL,Synthetic credit card compromise pattern,row['is_fraud'] := true
anom_1363_fraud,1363,FRAUD_INJECTION,is_fraud,false,true,CRITICAL,Synthetic credit card compromise pattern,row['is_fraud'] := true
anom_1388_missing,1388,MISSING_NULL,customer_email,riley_1388@icloud.com,,MEDIUM,Omitted customer contact attribute,row['customer_email'] := null
anom_1393_missing,1393,MISSING_NULL,customer_email,morgan_1393@outlook.com,,MEDIUM,Omitted customer contact attribute,row['customer_email'] := null
anom_1406_missing,1406,MISSING_NULL,customer_email,alex_1406@gmail.com,,MEDIUM,Omitted customer contact attribute,row['customer_email'] := null
anom_1417_fraud,1417,FRAUD_INJECTION,is_fraud,false,true,CRITICAL,Synthetic credit card compromise pattern,row['is_fraud'] := true
anom_1426_fraud,1426,FRAUD_INJECTION,is_fraud,false,true,CRITICAL,Synthetic credit card compromise pattern,row['is_fraud'] := true
anom_1431_fraud,1431,FRAUD_INJECTION,is_fraud,false,true,CRITICAL,Synthetic credit card compromise pattern,row['is_fraud'] := true
anom_1439_missing,1439,MISSING_NULL,customer_email,taylor_1439@gmail.com,,MEDIUM,Omitted customer contact attribute,row['customer_email'] := null
anom_1548_missing,1548,MISSING_NULL,customer_email,casey_1548@outlook.com,,MEDIUM,Omitted customer contact attribute,row['customer_email'] := null
anom_1578_fraud,1578,FRAUD_INJECTION,is_fraud,false,true,CRITICAL,Synthetic credit card compromise pattern,row['is_fraud'] := true
anom_1650_missing,1650,MISSING_NULL,customer_email,cameron_1650@icloud.com,,MEDIUM,Omitted customer contact attribute,row['customer_email'] := null
anom_1695_fraud,1695,FRAUD_INJECTION,is_fraud,false,true,CRITICAL,Synthetic credit card compromise pattern,row['is_fraud'] := true
anom_1720_extreme,1720,EXTREME_VALUE,amount,100.01,3175.98,HIGH,Outlier injected: 31.8x Gaussian baseline,row['amount'] := base_amount * 31.8
anom_1748_fraud,1748,FRAUD_INJECTION,is_fraud,false,true,CRITICAL,Synthetic credit card compromise pattern,row['is_fraud'] := true
anom_1757_missing,1757,MISSING_NULL,customer_email,sam_1757@gmail.com,,MEDIUM,Omitted customer contact attribute,row['customer_email'] := null
anom_1772_extreme,1772,EXTREME_VALUE,amount,136.15,6724.28,HIGH,Outlier injected: 49.4x Gaussian baseline,row['amount'] := base_amount * 49.4
anom_1784_fraud,1784,FRAUD_INJECTION,is_fraud,false,true,CRITICAL,Synthetic credit card compromise pattern,row['is_fraud'] := true
anom_1794_fraud,1794,FRAUD_INJECTION,is_fraud,false,true,CRITICAL,Synthetic credit card compromise pattern,row['is_fraud'] := true
anom_1802_fraud,1802,FRAUD_INJECTION,is_fraud,false,true,CRITICAL,Synthetic credit card compromise pattern,row['is_fraud'] := true
anom_1836_fraud,1836,FRAUD_INJECTION,is_fraud,false,true,CRITICAL,Synthetic credit card compromise pattern,row['is_fraud'] := true
anom_1847_fraud,1847,FRAUD_INJECTION,is_fraud,false,true,CRITICAL,Synthetic credit card compromise pattern,row['is_fraud'] := true
anom_1912_missing,1912,MISSING_NULL,customer_email,jordan_1912@gmail.com,,MEDIUM,Omitted customer contact attribute,row['customer_email'] := null
anom_1958_missing,1958,MISSING_NULL,customer_email,taylor_1958@outlook.com,,MEDIUM,Omitted customer contact attribute,row['customer_email'] := null
anom_1970_extreme,1970,EXTREME_VALUE,amount,113.08,4889.73,HIGH,Outlier injected: 43.2x Gaussian baseline,row['amount'] := base_amount * 43.2
anom_1979_fraud,1979,FRAUD_INJECTION,is_fraud,false,true,CRITICAL,Synthetic credit card compromise pattern,row['is_fraud'] := true
anom_1984_extreme,1984,EXTREME_VALUE,amount,188.68,5681.61,HIGH,Outlier injected: 30.1x Gaussian baseline,row['amount'] := base_amount * 30.1
anom_1993_missing,1993,MISSING_NULL,customer_email,cameron_1993@gmail.com,,MEDIUM,Omitted customer contact attribute,row['customer_email'] := null
anom_2000_extreme,2000,EXTREME_VALUE,amount,147.53,4695.23,HIGH,Outlier injected: 31.8x Gaussian baseline,row['amount'] := base_amount * 31.8
anom_2017_extreme,2017,EXTREME_VALUE,amount,135.86,4613.77,HIGH,Outlier injected: 34.0x Gaussian baseline,row['amount'] := base_amount * 34.0
anom_2018_missing,2018,MISSING_NULL,customer_email,riley_2018@outlook.com,,MEDIUM,Omitted customer contact attribute,row['customer_email'] := null
anom_2066_fraud,2066,FRAUD_INJECTION,is_fraud,false,true,CRITICAL,Synthetic credit card compromise pattern,row['is_fraud'] := true
anom_2075_fraud,2075,FRAUD_INJECTION,is_fraud,false,true,CRITICAL,Synthetic credit card compromise pattern,row['is_fraud'] := true
anom_2099_fraud,2099,FRAUD_INJECTION,is_fraud,false,true,CRITICAL,Synthetic credit card compromise pattern,row['is_fraud'] := true
anom_2124_extreme,2124,EXTREME_VALUE,amount,150.51,4377.91,HIGH,Outlier injected: 29.1x Gaussian baseline,row['amount'] := base_amount * 29.1
anom_2174_fraud,2174,FRAUD_INJECTION,is_fraud,false,true,CRITICAL,Synthetic credit card compromise pattern,row['is_fraud'] := true
anom_2192_fraud,2192,FRAUD_INJECTION,is_fraud,false,true,CRITICAL,Synthetic credit card compromise pattern,row['is_fraud'] := true
anom_2194_fraud,2194,FRAUD_INJECTION,is_fraud,false,true,CRITICAL,Synthetic credit card compromise pattern,row['is_fraud'] := true
anom_2213_extreme,2213,EXTREME_VALUE,amount,96.79,4134.52,HIGH,Outlier injected: 42.7x Gaussian baseline,row['amount'] := base_amount * 42.7
anom_2217_fraud,2217,FRAUD_INJECTION,is_fraud,false,true,CRITICAL,Synthetic credit card compromise pattern,row['is_fraud'] := true
anom_2218_fraud,2218,FRAUD_INJECTION,is_fraud,false,true,CRITICAL,Synthetic credit card compromise pattern,row['is_fraud'] := true
anom_2219_fraud,2219,FRAUD_INJECTION,is_fraud,false,true,CRITICAL,Synthetic credit card compromise pattern,row['is_fraud'] := true
anom_2222_missing,2222,MISSING_NULL,customer_email,morgan_2222@outlook.com,,MEDIUM,Omitted customer contact attribute,row['customer_email'] := null
anom_2231_missing,2231,MISSING_NULL,customer_email,alex_2231@gmail.com,,MEDIUM,Omitted customer contact attribute,row['customer_email'] := null
anom_2254_fraud,2254,FRAUD_INJECTION,is_fraud,false,true,CRITICAL,Synthetic credit card compromise pattern,row['is_fraud'] := true
anom_2270_fraud,2270,FRAUD_INJECTION,is_fraud,false,true,CRITICAL,Synthetic credit card compromise pattern,row['is_fraud'] := true
anom_2272_fraud,2272,FRAUD_INJECTION,is_fraud,false,true,CRITICAL,Synthetic credit card compromise pattern,row['is_fraud'] := true
anom_2273_missing,2273,MISSING_NULL,customer_email,cameron_2273@yahoo.com,,MEDIUM,Omitted customer contact attribute,row['customer_email'] := null
anom_2309_extreme,2309,EXTREME_VALUE,amount,114.85,2752.99,HIGH,Outlier injected: 24.0x Gaussian baseline,row['amount'] := base_amount * 24.0
anom_2312_extreme,2312,EXTREME_VALUE,amount,183.22,7059.32,HIGH,Outlier injected: 38.5x Gaussian baseline,row['amount'] := base_amount * 38.5
anom_2327_fraud,2327,FRAUD_INJECTION,is_fraud,false,true,CRITICAL,Synthetic credit card compromise pattern,row['is_fraud'] := true
anom_2358_missing,2358,MISSING_NULL,customer_email,taylor_2358@icloud.com,,MEDIUM,Omitted customer contact attribute,row['customer_email'] := null
anom_2383_missing,2383,MISSING_NULL,customer_email,cameron_2383@gmail.com,,MEDIUM,Omitted customer contact attribute,row['customer_email'] := null
anom_2389_fraud,2389,FRAUD_INJECTION,is_fraud,false,true,CRITICAL,Synthetic credit card compromise pattern,row['is_fraud'] := true
anom_2404_missing,2404,MISSING_NULL,customer_email,alex_2404@yahoo.com,,MEDIUM,Omitted customer contact attribute,row['customer_email'] := null
anom_2416_fraud,2416,FRAUD_INJECTION,is_fraud,false,true,CRITICAL,Synthetic credit card compromise pattern,row['is_fraud'] := true
anom_2423_extreme,2423,EXTREME_VALUE,amount,151.07,4039.68,HIGH,Outlier injected: 26.7x Gaussian baseline,row['amount'] := base_amount * 26.7
anom_2431_fraud,2431,FRAUD_INJECTION,is_fraud,false,true,CRITICAL,Synthetic credit card compromise pattern,row['is_fraud'] := true
anom_2433_missing,2433,MISSING_NULL,customer_email,casey_2433@icloud.com,,MEDIUM,Omitted customer contact attribute,row['customer_email'] := null
anom_2435_missing,2435,MISSING_NULL,customer_email,morgan_2435@outlook.com,,MEDIUM,Omitted customer contact attribute,row['customer_email'] := null
anom_2479_fraud,2479,FRAUD_INJECTION,is_fraud,false,true,CRITICAL,Synthetic credit card compromise pattern,row['is_fraud'] := true
anom_2509_extreme,2509,EXTREME_VALUE,amount,77.83,1455.88,HIGH,Outlier injected: 18.7x Gaussian baseline,row['amount'] := base_amount * 18.7
anom_2539_fraud,2539,FRAUD_INJECTION,is_fraud,false,true,CRITICAL,Synthetic credit card compromise pattern,row['is_fraud'] := true
anom_2545_missing,2545,MISSING_NULL,customer_email,jordan_2545@icloud.com,,MEDIUM,Omitted customer contact attribute,row['customer_email'] := null
anom_2552_missing,2552,MISSING_NULL,customer_email,riley_2552@outlook.com,,MEDIUM,Omitted customer contact attribute,row['customer_email'] := null
anom_2565_missing,2565,MISSING_NULL,customer_email,riley_2565@gmail.com,,MEDIUM,Omitted customer contact attribute,row['customer_email'] := null
anom_2571_fraud,2571,FRAUD_INJECTION,is_fraud,false,true,CRITICAL,Synthetic credit card compromise pattern,row['is_fraud'] := true
anom_2576_fraud,2576,FRAUD_INJECTION,is_fraud,false,true,CRITICAL,Synthetic credit card compromise pattern,row['is_fraud'] := true
anom_2592_missing,2592,MISSING_NULL,customer_email,jordan_2592@gmail.com,,MEDIUM,Omitted customer contact attribute,row['customer_email'] := null
anom_2594_missing,2594,MISSING_NULL,customer_email,riley_2594@gmail.com,,MEDIUM,Omitted customer contact attribute,row['customer_email'] := null
anom_2597_extreme,2597,EXTREME_VALUE,amount,112.86,4535.72,HIGH,Outlier injected: 40.2x Gaussian baseline,row['amount'] := base_amount * 40.2
anom_2607_missing,2607,MISSING_NULL,customer_email,taylor_2607@gmail.com,,MEDIUM,Omitted customer contact attribute,row['customer_email'] := null
anom_2641_missing,2641,MISSING_NULL,customer_email,morgan_2641@outlook.com,,MEDIUM,Omitted customer contact attribute,row['customer_email'] := null
anom_2693_missing,2693,MISSING_NULL,customer_email,riley_2693@outlook.com,,MEDIUM,Omitted customer contact attribute,row['customer_email'] := null
anom_2695_fraud,2695,FRAUD_INJECTION,is_fraud,false,true,CRITICAL,Synthetic credit card compromise pattern,row['is_fraud'] := true
anom_2730_missing,2730,MISSING_NULL,customer_email,sam_2730@gmail.com,,MEDIUM,Omitted customer contact attribute,row['customer_email'] := null
anom_2740_missing,2740,MISSING_NULL,customer_email,jordan_2740@outlook.com,,MEDIUM,Omitted customer contact attribute,row['customer_email'] := null
anom_2755_extreme,2755,EXTREME_VALUE,amount,55.76,1827.31,HIGH,Outlier injected: 32.8x Gaussian baseline,row['amount'] := base_amount * 32.8
anom_2805_missing,2805,MISSING_NULL,customer_email,jordan_2805@outlook.com,,MEDIUM,Omitted customer contact attribute,row['customer_email'] := null
anom_2810_fraud,2810,FRAUD_INJECTION,is_fraud,false,true,CRITICAL,Synthetic credit card compromise pattern,row['is_fraud'] := true
anom_2854_missing,2854,MISSING_NULL,customer_email,jordan_2854@icloud.com,,MEDIUM,Omitted customer contact attribute,row['customer_email'] := null
anom_2877_missing,2877,MISSING_NULL,customer_email,sam_2877@icloud.com,,MEDIUM,Omitted customer contact attribute,row['customer_email'] := null
anom_2889_extreme,2889,EXTREME_VALUE,amount,176.84,6124.06,HIGH,Outlier injected: 34.6x Gaussian baseline,row['amount'] := base_amount * 34.6
anom_2910_missing,2910,MISSING_NULL,customer_email,jordan_2910@gmail.com,,MEDIUM,Omitted customer contact attribute,row['customer_email'] := null
anom_2962_missing,2962,MISSING_NULL,customer_email,morgan_2962@gmail.com,,MEDIUM,Omitted customer contact attribute,row['customer_email'] := null
anom_2973_fraud,2973,FRAUD_INJECTION,is_fraud,false,true,CRITICAL,Synthetic credit card compromise pattern,row['is_fraud'] := true
anom_2978_extreme,2978,EXTREME_VALUE,amount,242.81,11794.41,HIGH,Outlier injected: 48.6x Gaussian baseline,row['amount'] := base_amount * 48.6
anom_2980_extreme,2980,EXTREME_VALUE,amount,50.65,795.94,HIGH,Outlier injected: 15.7x Gaussian baseline,row['amount'] := base_amount * 15.7
anom_2982_extreme,2982,EXTREME_VALUE,amount,164.06,7046.62,HIGH,Outlier injected: 43.0x Gaussian baseline,row['amount'] := base_amount * 43.0
anom_2987_missing,2987,MISSING_NULL,customer_email,taylor_2987@gmail.com,,MEDIUM,Omitted customer contact attribute,row['customer_email'] := null
anom_3066_fraud,3066,FRAUD_INJECTION,is_fraud,false,true,CRITICAL,Synthetic credit card compromise pattern,row['is_fraud'] := true
anom_3087_fraud,3087,FRAUD_INJECTION,is_fraud,false,true,CRITICAL,Synthetic credit card compromise pattern,row['is_fraud'] := true
anom_3103_missing,3103,MISSING_NULL,customer_email,riley_3103@yahoo.com,,MEDIUM,Omitted customer contact attribute,row['customer_email'] := null
anom_3123_missing,3123,MISSING_NULL,customer_email,morgan_3123@icloud.com,,MEDIUM,Omitted customer contact attribute,row['customer_email'] := null
anom_3126_extreme,3126,EXTREME_VALUE,amount,158.04,5347.64,HIGH,Outlier injected: 33.8x Gaussian baseline,row['amount'] := base_amount * 33.8
anom_3130_missing,3130,MISSING_NULL,customer_email,morgan_3130@yahoo.com,,MEDIUM,Omitted customer contact attribute,row['customer_email'] := null
anom_3136_fraud,3136,FRAUD_INJECTION,is_fraud,false,true,CRITICAL,Synthetic credit card compromise pattern,row['is_fraud'] := true
anom_3161_missing,3161,MISSING_NULL,customer_email,alex_3161@gmail.com,,MEDIUM,Omitted customer contact attribute,row['customer_email'] := null
anom_3220_fraud,3220,FRAUD_INJECTION,is_fraud,false,true,CRITICAL,Synthetic credit card compromise pattern,row['is_fraud'] := true
anom_3228_extreme,3228,EXTREME_VALUE,amount,40.48,1979.44,HIGH,Outlier injected: 48.9x Gaussian baseline,row['amount'] := base_amount * 48.9
anom_3234_missing,3234,MISSING_NULL,customer_email,alex_3234@icloud.com,,MEDIUM,Omitted customer contact attribute,row['customer_email'] := null
anom_3263_fraud,3263,FRAUD_INJECTION,is_fraud,false,true,CRITICAL,Synthetic credit card compromise pattern,row['is_fraud'] := true
anom_3277_fraud,3277,FRAUD_INJECTION,is_fraud,false,true,CRITICAL,Synthetic credit card compromise pattern,row['is_fraud'] := true
anom_3281_missing,3281,MISSING_NULL,customer_email,jordan_3281@gmail.com,,MEDIUM,Omitted customer contact attribute,row['customer_email'] := null
anom_3287_fraud,3287,FRAUD_INJECTION,is_fraud,false,true,CRITICAL,Synthetic credit card compromise pattern,row['is_fraud'] := true
anom_3322_fraud,3322,FRAUD_INJECTION,is_fraud,false,true,CRITICAL,Synthetic credit card compromise pattern,row['is_fraud'] := true
anom_3323_missing,3323,MISSING_NULL,customer_email,sam_3323@gmail.com,,MEDIUM,Omitted customer contact attribute,row['customer_email'] := null
anom_3326_missing,3326,MISSING_NULL,customer_email,sam_3326@gmail.com,,MEDIUM,Omitted customer contact attribute,row['customer_email'] := null
anom_3332_missing,3332,MISSING_NULL,customer_email,morgan_3332@icloud.com,,MEDIUM,Omitted customer contact attribute,row['customer_email'] := null
anom_3370_fraud,3370,FRAUD_INJECTION,is_fraud,false,true,CRITICAL,Synthetic credit card compromise pattern,row['is_fraud'] := true
anom_3372_missing,3372,MISSING_NULL,customer_email,taylor_3372@gmail.com,,MEDIUM,Omitted customer contact attribute,row['customer_email'] := null
anom_3374_fraud,3374,FRAUD_INJECTION,is_fraud,false,true,CRITICAL,Synthetic credit card compromise pattern,row['is_fraud'] := true
anom_3420_missing,3420,MISSING_NULL,customer_email,jordan_3420@icloud.com,,MEDIUM,Omitted customer contact attribute,row['customer_email'] := null
anom_3427_missing,3427,MISSING_NULL,customer_email,morgan_3427@yahoo.com,,MEDIUM,Omitted customer contact attribute,row['customer_email'] := null
anom_3468_extreme,3468,EXTREME_VALUE,amount,169.62,6025.41,HIGH,Outlier injected: 35.5x Gaussian baseline,row['amount'] := base_amount * 35.5
anom_3482_fraud,3482,FRAUD_INJECTION,is_fraud,false,true,CRITICAL,Synthetic credit card compromise pattern,row['is_fraud'] := true
anom_3501_fraud,3501,FRAUD_INJECTION,is_fraud,false,true,CRITICAL,Synthetic credit card compromise pattern,row['is_fraud'] := true
anom_3508_missing,3508,MISSING_NULL,customer_email,cameron_3508@gmail.com,,MEDIUM,Omitted customer contact attribute,row['customer_email'] := null
anom_3530_missing,3530,MISSING_NULL,customer_email,taylor_3530@outlook.com,,MEDIUM,Omitted customer contact attribute,row['customer_email'] := null
anom_3531_fraud,3531,FRAUD_INJECTION,is_fraud,false,true,CRITICAL,Synthetic credit card compromise pattern,row['is_fraud'] := true
anom_3541_fraud,3541,FRAUD_INJECTION,is_fraud,false,true,CRITICAL,Synthetic credit card compromise pattern,row['is_fraud'] := true
anom_3555_fraud,3555,FRAUD_INJECTION,is_fraud,false,true,CRITICAL,Synthetic credit card compromise pattern,row['is_fraud'] := true
anom_3565_missing,3565,MISSING_NULL,customer_email,taylor_3565@outlook.com,,MEDIUM,Omitted customer contact attribute,row['customer_email'] := null
anom_3568_missing,3568,MISSING_NULL,customer_email,alex_3568@yahoo.com,,MEDIUM,Omitted customer contact attribute,row['customer_email'] := null
anom_3569_missing,3569,MISSING_NULL,customer_email,casey_3569@icloud.com,,MEDIUM,Omitted customer contact attribute,row['customer_email'] := null
anom_3612_extreme,3612,EXTREME_VALUE,amount,118.45,1981.14,HIGH,Outlier injected: 16.7x Gaussian baseline,row['amount'] := base_amount * 16.7
anom_3625_extreme,3625,EXTREME_VALUE,amount,163.68,5384.45,HIGH,Outlier injected: 32.9x Gaussian baseline,row['amount'] := base_amount * 32.9
anom_3656_fraud,3656,FRAUD_INJECTION,is_fraud,false,true,CRITICAL,Synthetic credit card compromise pattern,row['is_fraud'] := true
anom_3675_fraud,3675,FRAUD_INJECTION,is_fraud,false,true,CRITICAL,Synthetic credit card compromise pattern,row['is_fraud'] := true
anom_3693_fraud,3693,FRAUD_INJECTION,is_fraud,false,true,CRITICAL,Synthetic credit card compromise pattern,row['is_fraud'] := true
anom_3695_missing,3695,MISSING_NULL,customer_email,alex_3695@outlook.com,,MEDIUM,Omitted customer contact attribute,row['customer_email'] := null
anom_3730_missing,3730,MISSING_NULL,customer_email,taylor_3730@yahoo.com,,MEDIUM,Omitted customer contact attribute,row['customer_email'] := null
anom_3732_fraud,3732,FRAUD_INJECTION,is_fraud,false,true,CRITICAL,Synthetic credit card compromise pattern,row['is_fraud'] := true
anom_3754_extreme,3754,EXTREME_VALUE,amount,193.4,9634.55,HIGH,Outlier injected: 49.8x Gaussian baseline,row['amount'] := base_amount * 49.8
anom_3755_fraud,3755,FRAUD_INJECTION,is_fraud,false,true,CRITICAL,Synthetic credit card compromise pattern,row['is_fraud'] := true
anom_3760_missing,3760,MISSING_NULL,customer_email,morgan_3760@gmail.com,,MEDIUM,Omitted customer contact attribute,row['customer_email'] := null
anom_3815_missing,3815,MISSING_NULL,customer_email,sam_3815@gmail.com,,MEDIUM,Omitted customer contact attribute,row['customer_email'] := null
anom_3846_missing,3846,MISSING_NULL,customer_email,cameron_3846@gmail.com,,MEDIUM,Omitted customer contact attribute,row['customer_email'] := null
anom_3854_missing,3854,MISSING_NULL,customer_email,cameron_3854@gmail.com,,MEDIUM,Omitted customer contact attribute,row['customer_email'] := null
anom_3855_missing,3855,MISSING_NULL,customer_email,cameron_3855@icloud.com,,MEDIUM,Omitted customer contact attribute,row['customer_email'] := null
anom_3861_missing,3861,MISSING_NULL,customer_email,cameron_3861@gmail.com,,MEDIUM,Omitted customer contact attribute,row['customer_email'] := null
anom_3871_fraud,3871,FRAUD_INJECTION,is_fraud,false,true,CRITICAL,Synthetic credit card compromise pattern,row['is_fraud'] := true
anom_3907_extreme,3907,EXTREME_VALUE,amount,180.23,5074.84,HIGH,Outlier injected: 28.2x Gaussian baseline,row['amount'] := base_amount * 28.2
anom_3910_extreme,3910,EXTREME_VALUE,amount,69.02,2972.24,HIGH,Outlier injected: 43.1x Gaussian baseline,row['amount'] := base_amount * 43.1
anom_3945_missing,3945,MISSING_NULL,customer_email,casey_3945@outlook.com,,MEDIUM,Omitted customer contact attribute,row['customer_email'] := null
anom_4018_missing,4018,MISSING_NULL,customer_email,sam_4018@icloud.com,,MEDIUM,Omitted customer contact attribute,row['customer_email'] := null
anom_4027_missing,4027,MISSING_NULL,customer_email,cameron_4027@outlook.com,,MEDIUM,Omitted customer contact attribute,row['customer_email'] := null
anom_4089_missing,4089,MISSING_NULL,customer_email,morgan_4089@gmail.com,,MEDIUM,Omitted customer contact attribute,row['customer_email'] := null
anom_4129_fraud,4129,FRAUD_INJECTION,is_fraud,false,true,CRITICAL,Synthetic credit card compromise pattern,row['is_fraud'] := true
anom_4132_missing,4132,MISSING_NULL,customer_email,riley_4132@gmail.com,,MEDIUM,Omitted customer contact attribute,row['customer_email'] := null
anom_4135_extreme,4135,EXTREME_VALUE,amount,111.43,3890.58,HIGH,Outlier injected: 34.9x Gaussian baseline,row['amount'] := base_amount * 34.9
anom_4157_missing,4157,MISSING_NULL,customer_email,cameron_4157@gmail.com,,MEDIUM,Omitted customer contact attribute,row['customer_email'] := null
anom_4165_missing,4165,MISSING_NULL,customer_email,casey_4165@yahoo.com,,MEDIUM,Omitted customer contact attribute,row['customer_email'] := null
anom_4191_fraud,4191,FRAUD_INJECTION,is_fraud,false,true,CRITICAL,Synthetic credit card compromise pattern,row['is_fraud'] := true
anom_4198_fraud,4198,FRAUD_INJECTION,is_fraud,false,true,CRITICAL,Synthetic credit card compromise pattern,row['is_fraud'] := true
anom_4205_missing,4205,MISSING_NULL,customer_email,morgan_4205@yahoo.com,,MEDIUM,Omitted customer contact attribute,row['customer_email'] := null
anom_4307_fraud,4307,FRAUD_INJECTION,is_fraud,false,true,CRITICAL,Synthetic credit card compromise pattern,row['is_fraud'] := true
anom_4316_extreme,4316,EXTREME_VALUE,amount,55.78,1125.99,HIGH,Outlier injected: 20.2x Gaussian baseline,row['amount'] := base_amount * 20.2
anom_4323_missing,4323,MISSING_NULL,customer_email,sam_4323@yahoo.com,,MEDIUM,Omitted customer contact attribute,row['customer_email'] := null
anom_4327_missing,4327,MISSING_NULL,customer_email,cameron_4327@icloud.com,,MEDIUM,Omitted customer contact attribute,row['customer_email'] := null
anom_4334_missing,4334,MISSING_NULL,customer_email,riley_4334@yahoo.com,,MEDIUM,Omitted customer contact attribute,row['customer_email'] := null
anom_4336_missing,4336,MISSING_NULL,customer_email,alex_4336@yahoo.com,,MEDIUM,Omitted customer contact attribute,row['customer_email'] := null
anom_4340_missing,4340,MISSING_NULL,customer_email,jordan_4340@icloud.com,,MEDIUM,Omitted customer contact attribute,row['customer_email'] := null
anom_4348_fraud,4348,FRAUD_INJECTION,is_fraud,false,true,CRITICAL,Synthetic credit card compromise pattern,row['is_fraud'] := true
anom_4361_missing,4361,MISSING_NULL,customer_email,morgan_4361@outlook.com,,MEDIUM,Omitted customer contact attribute,row['customer_email'] := null
anom_4362_missing,4362,MISSING_NULL,customer_email,alex_4362@yahoo.com,,MEDIUM,Omitted customer contact attribute,row['customer_email'] := null
anom_4366_missing,4366,MISSING_NULL,customer_email,alex_4366@icloud.com,,MEDIUM,Omitted customer contact attribute,row['customer_email'] := null
anom_4420_missing,4420,MISSING_NULL,customer_email,casey_4420@gmail.com,,MEDIUM,Omitted customer contact attribute,row['customer_email'] := null
anom_4442_fraud,4442,FRAUD_INJECTION,is_fraud,false,true,CRITICAL,Synthetic credit card compromise pattern,row['is_fraud'] := true
anom_4458_missing,4458,MISSING_NULL,customer_email,jordan_4458@outlook.com,,MEDIUM,Omitted customer contact attribute,row['customer_email'] := null
anom_4470_fraud,4470,FRAUD_INJECTION,is_fraud,false,true,CRITICAL,Synthetic credit card compromise pattern,row['is_fraud'] := true
anom_4494_missing,4494,MISSING_NULL,customer_email,morgan_4494@gmail.com,,MEDIUM,Omitted customer contact attribute,row['customer_email'] := null
anom_4520_missing,4520,MISSING_NULL,customer_email,riley_4520@outlook.com,,MEDIUM,Omitted customer contact attribute,row['customer_email'] := null
anom_4538_missing,4538,MISSING_NULL,customer_email,cameron_4538@outlook.com,,MEDIUM,Omitted customer contact attribute,row['customer_email'] := null
anom_4541_extreme,4541,EXTREME_VALUE,amount,127.3,4543.52,HIGH,Outlier injected: 35.7x Gaussian baseline,row['amount'] := base_amount * 35.7
anom_4638_fraud,4638,FRAUD_INJECTION,is_fraud,false,true,CRITICAL,Synthetic credit card compromise pattern,row['is_fraud'] := true
anom_4662_extreme,4662,EXTREME_VALUE,amount,165.0,3313.35,HIGH,Outlier injected: 20.1x Gaussian baseline,row['amount'] := base_amount * 20.1
anom_4665_missing,4665,MISSING_NULL,customer_email,alex_4665@yahoo.com,,MEDIUM,Omitted customer contact attribute,row['customer_email'] := null
anom_4674_missing,4674,MISSING_NULL,customer_email,casey_4674@gmail.com,,MEDIUM,Omitted customer contact attribute,row['customer_email'] := null
anom_4679_fraud,4679,FRAUD_INJECTION,is_fraud,false,true,CRITICAL,Synthetic credit card compromise pattern,row['is_fraud'] := true
anom_4706_fraud,4706,FRAUD_INJECTION,is_fraud,false,true,CRITICAL,Synthetic credit card compromise pattern,row['is_fraud'] := true
anom_4745_extreme,4745,EXTREME_VALUE,amount,159.12,4492.62,HIGH,Outlier injected: 28.2x Gaussian baseline,row['amount'] := base_amount * 28.2
anom_4772_fraud,4772,FRAUD_INJECTION,is_fraud,false,true,CRITICAL,Synthetic credit card compromise pattern,row['is_fraud'] := true
anom_4807_fraud,4807,FRAUD_INJECTION,is_fraud,false,true,CRITICAL,Synthetic credit card compromise pattern,row['is_fraud'] := true
anom_4810_extreme,4810,EXTREME_VALUE,amount,194.92,7898.31,HIGH,Outlier injected: 40.5x Gaussian baseline,row['amount'] := base_amount * 40.5
anom_4825_extreme,4825,EXTREME_VALUE,amount,99.72,3692.98,HIGH,Outlier injected: 37.0x Gaussian baseline,row['amount'] := base_amount * 37.0
anom_4863_missing,4863,MISSING_NULL,customer_email,alex_4863@gmail.com,,MEDIUM,Omitted customer contact attribute,row['customer_email'] := null
anom_4889_missing,4889,MISSING_NULL,customer_email,taylor_4889@gmail.com,,MEDIUM,Omitted customer contact attribute,row['customer_email'] := null
anom_4890_extreme,4890,EXTREME_VALUE,amount,122.48,3305.22,HIGH,Outlier injected: 27.0x Gaussian baseline,row['amount'] := base_amount * 27.0
anom_4896_fraud,4896,FRAUD_INJECTION,is_fraud,false,true,CRITICAL,Synthetic credit card compromise pattern,row['is_fraud'] := true
anom_4916_missing,4916,MISSING_NULL,customer_email,taylor_4916@outlook.com,,MEDIUM,Omitted customer contact attribute,row['customer_email'] := null
anom_4940_missing,4940,MISSING_NULL,customer_email,taylor_4940@icloud.com,,MEDIUM,Omitted customer contact attribute,row['customer_email'] := null
anom_4963_extreme,4963,EXTREME_VALUE,amount,102.84,2049.32,HIGH,Outlier injected: 19.9x Gaussian baseline,row['amount'] := base_amount * 19.9
anom_4978_fraud,4978,FRAUD_INJECTION,is_fraud,false,true,CRITICAL,Synthetic credit card compromise pattern,row['is_fraud'] := true
anom_4981_fraud,4981,FRAUD_INJECTION,is_fraud,false,true,CRITICAL,Synthetic credit card compromise pattern,row['is_fraud'] := true
anom_5032_missing,5032,MISSING_NULL,customer_email,morgan_5032@outlook.com,,MEDIUM,Omitted customer contact attribute,row['customer_email'] := null
anom_5050_extreme,5050,EXTREME_VALUE,amount,134.86,6194.42,HIGH,Outlier injected: 45.9x Gaussian baseline,row['amount'] := base_amount * 45.9
anom_5055_fraud,5055,FRAUD_INJECTION,is_fraud,false,true,CRITICAL,Synthetic credit card compromise pattern,row['is_fraud'] := true
anom_5079_extreme,5079,EXTREME_VALUE,amount,122.44,2920.23,HIGH,Outlier injected: 23.9x Gaussian baseline,row['amount'] := base_amount * 23.9
anom_5165_fraud,5165,FRAUD_INJECTION,is_fraud,false,true,CRITICAL,Synthetic credit card compromise pattern,row['is_fraud'] := true
anom_5166_missing,5166,MISSING_NULL,customer_email,riley_5166@yahoo.com,,MEDIUM,Omitted customer contact attribute,row['customer_email'] := null
anom_5176_missing,5176,MISSING_NULL,customer_email,alex_5176@gmail.com,,MEDIUM,Omitted customer contact attribute,row['customer_email'] := null
anom_5246_missing,5246,MISSING_NULL,customer_email,alex_5246@outlook.com,,MEDIUM,Omitted customer contact attribute,row['customer_email'] := null
anom_5301_extreme,5301,EXTREME_VALUE,amount,164.1,4197.2,HIGH,Outlier injected: 25.6x Gaussian baseline,row['amount'] := base_amount * 25.6
anom_5304_fraud,5304,FRAUD_INJECTION,is_fraud,false,true,CRITICAL,Synthetic credit card compromise pattern,row['is_fraud'] := true
anom_5325_fraud,5325,FRAUD_INJECTION,is_fraud,false,true,CRITICAL,Synthetic credit card compromise pattern,row['is_fraud'] := true
anom_5374_extreme,5374,EXTREME_VALUE,amount,151.91,4950.57,HIGH,Outlier injected: 32.6x Gaussian baseline,row['amount'] := base_amount * 32.6
anom_5388_extreme,5388,EXTREME_VALUE,amount,101.99,4172.0,HIGH,Outlier injected: 40.9x Gaussian baseline,row['amount'] := base_amount * 40.9
anom_5396_fraud,5396,FRAUD_INJECTION,is_fraud,false,true,CRITICAL,Synthetic credit card compromise pattern,row['is_fraud'] := true
anom_5425_fraud,5425,FRAUD_INJECTION,is_fraud,false,true,CRITICAL,Synthetic credit card compromise pattern,row['is_fraud'] := true
anom_5430_fraud,5430,FRAUD_INJECTION,is_fraud,false,true,CRITICAL,Synthetic credit card compromise pattern,row['is_fraud'] := true
anom_5435_extreme,5435,EXTREME_VALUE,amount,85.33,1936.52,HIGH,Outlier injected: 22.7x Gaussian baseline,row['amount'] := base_amount * 22.7
anom_5438_fraud,5438,FRAUD_INJECTION,is_fraud,false,true,CRITICAL,Synthetic credit card compromise pattern,row['is_fraud'] := true
anom_5451_fraud,5451,FRAUD_INJECTION,is_fraud,false,true,CRITICAL,Synthetic credit card compromise pattern,row['is_fraud'] := true
anom_5499_missing,5499,MISSING_NULL,customer_email,alex_5499@outlook.com,,MEDIUM,Omitted customer contact attribute,row['customer_email'] := null
anom_5509_fraud,5509,FRAUD_INJECTION,is_fraud,false,true,CRITICAL,Synthetic credit card compromise pattern,row['is_fraud'] := true
anom_5544_fraud,5544,FRAUD_INJECTION,is_fraud,false,true,CRITICAL,Synthetic credit card compromise pattern,row['is_fraud'] := true
anom_5594_extreme,5594,EXTREME_VALUE,amount,64.78,1490.43,HIGH,Outlier injected: 23.0x Gaussian baseline,row['amount'] := base_amount * 23.0
anom_5602_fraud,5602,FRAUD_INJECTION,is_fraud,false,true,CRITICAL,Synthetic credit card compromise pattern,row['is_fraud'] := true
anom_5615_fraud,5615,FRAUD_INJECTION,is_fraud,false,true,CRITICAL,Synthetic credit card compromise pattern,row['is_fraud'] := true
anom_5636_fraud,5636,FRAUD_INJECTION,is_fraud,false,true,CRITICAL,Synthetic credit card compromise pattern,row['is_fraud'] := true
anom_5640_extreme,5640,EXTREME_VALUE,amount,31.43,943.25,HIGH,Outlier injected: 30.0x Gaussian baseline,row['amount'] := base_amount * 30.0
anom_5643_missing,5643,MISSING_NULL,customer_email,morgan_5643@icloud.com,,MEDIUM,Omitted customer contact attribute,row['customer_email'] := null
anom_5658_extreme,5658,EXTREME_VALUE,amount,68.44,1372.05,HIGH,Outlier injected: 20.0x Gaussian baseline,row['amount'] := base_amount * 20.0
anom_5665_extreme,5665,EXTREME_VALUE,amount,137.41,2915.98,HIGH,Outlier injected: 21.2x Gaussian baseline,row['amount'] := base_amount * 21.2
anom_5668_fraud,5668,FRAUD_INJECTION,is_fraud,false,true,CRITICAL,Synthetic credit card compromise pattern,row['is_fraud'] := true
anom_5694_fraud,5694,FRAUD_INJECTION,is_fraud,false,true,CRITICAL,Synthetic credit card compromise pattern,row['is_fraud'] := true
anom_5765_missing,5765,MISSING_NULL,customer_email,cameron_5765@yahoo.com,,MEDIUM,Omitted customer contact attribute,row['customer_email'] := null
anom_5791_fraud,5791,FRAUD_INJECTION,is_fraud,false,true,CRITICAL,Synthetic credit card compromise pattern,row['is_fraud'] := true
anom_5839_missing,5839,MISSING_NULL,customer_email,taylor_5839@icloud.com,,MEDIUM,Omitted customer contact attribute,row['customer_email'] := null
anom_5861_fraud,5861,FRAUD_INJECTION,is_fraud,false,true,CRITICAL,Synthetic credit card compromise pattern,row['is_fraud'] := true
anom_5881_fraud,5881,FRAUD_INJECTION,is_fraud,false,true,CRITICAL,Synthetic credit card compromise pattern,row['is_fraud'] := true
anom_5885_fraud,5885,FRAUD_INJECTION,is_fraud,false,true,CRITICAL,Synthetic credit card compromise pattern,row['is_fraud'] := true
anom_5895_fraud,5895,FRAUD_INJECTION,is_fraud,false,true,CRITICAL,Synthetic credit card compromise pattern,row['is_fraud'] := true
anom_5909_fraud,5909,FRAUD_INJECTION,is_fraud,false,true,CRITICAL,Synthetic credit card compromise pattern,row['is_fraud'] := true
anom_5931_fraud,5931,FRAUD_INJECTION,is_fraud,false,true,CRITICAL,Synthetic credit card compromise pattern,row['is_fraud'] := true
anom_5933_fraud,5933,FRAUD_INJECTION,is_fraud,false,true,CRITICAL,Synthetic credit card compromise pattern,row['is_fraud'] := true
anom_5954_fraud,5954,FRAUD_INJECTION,is_fraud,false,true,CRITICAL,Synthetic credit card compromise pattern,row['is_fraud'] := true
anom_5967_extreme,5967,EXTREME_VALUE,amount,132.79,2745.95,HIGH,Outlier injected: 20.7x Gaussian baseline,row['amount'] := base_amount * 20.7
anom_5974_extreme,5974,EXTREME_VALUE,amount,136.83,6302.31,HIGH,Outlier injected: 46.1x Gaussian baseline,row['amount'] := base_amount * 46.1
anom_5984_fraud,5984,FRAUD_INJECTION,is_fraud,false,true,CRITICAL,Synthetic credit card compromise pattern,row['is_fraud'] := true
anom_6047_fraud,6047,FRAUD_INJECTION,is_fraud,false,true,CRITICAL,Synthetic credit card compromise pattern,row['is_fraud'] := true
anom_6057_fraud,6057,FRAUD_INJECTION,is_fraud,false,true,CRITICAL,Synthetic credit card compromise pattern,row['is_fraud'] := true
anom_6076_fraud,6076,FRAUD_INJECTION,is_fraud,false,true,CRITICAL,Synthetic credit card compromise pattern,row['is_fraud'] := true
anom_6094_extreme,6094,EXTREME_VALUE,amount,74.36,2917.74,HIGH,Outlier injected: 39.2x Gaussian baseline,row['amount'] := base_amount * 39.2
anom_6123_fraud,6123,FRAUD_INJECTION,is_fraud,false,true,CRITICAL,Synthetic credit card compromise pattern,row['is_fraud'] := true
anom_6125_fraud,6125,FRAUD_INJECTION,is_fraud,false,true,CRITICAL,Synthetic credit card compromise pattern,row['is_fraud'] := true
anom_6134_fraud,6134,FRAUD_INJECTION,is_fraud,false,true,CRITICAL,Synthetic credit card compromise pattern,row['is_fraud'] := true
anom_6159_extreme,6159,EXTREME_VALUE,amount,157.82,7067.83,HIGH,Outlier injected: 44.8x Gaussian baseline,row['amount'] := base_amount * 44.8
anom_6175_fraud,6175,FRAUD_INJECTION,is_fraud,false,true,CRITICAL,Synthetic credit card compromise pattern,row['is_fraud'] := true
anom_6206_fraud,6206,FRAUD_INJECTION,is_fraud,false,true,CRITICAL,Synthetic credit card compromise pattern,row['is_fraud'] := true
anom_6236_missing,6236,MISSING_NULL,customer_email,sam_6236@yahoo.com,,MEDIUM,Omitted customer contact attribute,row['customer_email'] := null
anom_6240_fraud,6240,FRAUD_INJECTION,is_fraud,false,true,CRITICAL,Synthetic credit card compromise pattern,row['is_fraud'] := true
anom_6271_fraud,6271,FRAUD_INJECTION,is_fraud,false,true,CRITICAL,Synthetic credit card compromise pattern,row['is_fraud'] := true
anom_6293_fraud,6293,FRAUD_INJECTION,is_fraud,false,true,CRITICAL,Synthetic credit card compromise pattern,row['is_fraud'] := true
anom_6317_missing,6317,MISSING_NULL,customer_email,cameron_6317@outlook.com,,MEDIUM,Omitted customer contact attribute,row['customer_email'] := null
anom_6339_missing,6339,MISSING_NULL,customer_email,riley_6339@yahoo.com,,MEDIUM,Omitted customer contact attribute,row['customer_email'] := null
anom_6343_missing,6343,MISSING_NULL,customer_email,jordan_6343@icloud.com,,MEDIUM,Omitted customer contact attribute,row['customer_email'] := null
anom_6351_fraud,6351,FRAUD_INJECTION,is_fraud,false,true,CRITICAL,Synthetic credit card compromise pattern,row['is_fraud'] := true
anom_6381_fraud,6381,FRAUD_INJECTION,is_fraud,false,true,CRITICAL,Synthetic credit card compromise pattern,row['is_fraud'] := true
anom_6403_missing,6403,MISSING_NULL,customer_email,cameron_6403@icloud.com,,MEDIUM,Omitted customer contact attribute,row['customer_email'] := null
anom_6408_missing,6408,MISSING_NULL,customer_email,morgan_6408@yahoo.com,,MEDIUM,Omitted customer contact attribute,row['customer_email'] := null
anom_6413_missing,6413,MISSING_NULL,customer_email,casey_6413@yahoo.com,,MEDIUM,Omitted customer contact attribute,row['customer_email'] := null
anom_6420_missing,6420,MISSING_NULL,customer_email,sam_6420@yahoo.com,,MEDIUM,Omitted customer contact attribute,row['customer_email'] := null
anom_6423_missing,6423,MISSING_NULL,customer_email,casey_6423@yahoo.com,,MEDIUM,Omitted customer contact attribute,row['customer_email'] := null
anom_6456_missing,6456,MISSING_NULL,customer_email,taylor_6456@yahoo.com,,MEDIUM,Omitted customer contact attribute,row['customer_email'] := null
anom_6467_fraud,6467,FRAUD_INJECTION,is_fraud,false,true,CRITICAL,Synthetic credit card compromise pattern,row['is_fraud'] := true
anom_6469_missing,6469,MISSING_NULL,customer_email,casey_6469@icloud.com,,MEDIUM,Omitted customer contact attribute,row['customer_email'] := null
anom_6479_fraud,6479,FRAUD_INJECTION,is_fraud,false,true,CRITICAL,Synthetic credit card compromise pattern,row['is_fraud'] := true
anom_6491_extreme,6491,EXTREME_VALUE,amount,77.39,3711.09,HIGH,Outlier injected: 48.0x Gaussian baseline,row['amount'] := base_amount * 48.0
anom_6500_fraud,6500,FRAUD_INJECTION,is_fraud,false,true,CRITICAL,Synthetic credit card compromise pattern,row['is_fraud'] := true
anom_6517_missing,6517,MISSING_NULL,customer_email,alex_6517@yahoo.com,,MEDIUM,Omitted customer contact attribute,row['customer_email'] := null
anom_6586_extreme,6586,EXTREME_VALUE,amount,125.8,5387.85,HIGH,Outlier injected: 42.8x Gaussian baseline,row['amount'] := base_amount * 42.8
anom_6621_fraud,6621,FRAUD_INJECTION,is_fraud,false,true,CRITICAL,Synthetic credit card compromise pattern,row['is_fraud'] := true
anom_6622_missing,6622,MISSING_NULL,customer_email,casey_6622@yahoo.com,,MEDIUM,Omitted customer contact attribute,row['customer_email'] := null
anom_6641_fraud,6641,FRAUD_INJECTION,is_fraud,false,true,CRITICAL,Synthetic credit card compromise pattern,row['is_fraud'] := true
anom_6644_missing,6644,MISSING_NULL,customer_email,cameron_6644@gmail.com,,MEDIUM,Omitted customer contact attribute,row['customer_email'] := null
anom_6660_missing,6660,MISSING_NULL,customer_email,jordan_6660@gmail.com,,MEDIUM,Omitted customer contact attribute,row['customer_email'] := null
anom_6739_missing,6739,MISSING_NULL,customer_email,alex_6739@yahoo.com,,MEDIUM,Omitted customer contact attribute,row['customer_email'] := null
anom_6742_extreme,6742,EXTREME_VALUE,amount,150.22,3732.71,HIGH,Outlier injected: 24.8x Gaussian baseline,row['amount'] := base_amount * 24.8
anom_6743_missing,6743,MISSING_NULL,customer_email,cameron_6743@outlook.com,,MEDIUM,Omitted customer contact attribute,row['customer_email'] := null
anom_6799_fraud,6799,FRAUD_INJECTION,is_fraud,false,true,CRITICAL,Synthetic credit card compromise pattern,row['is_fraud'] := true
anom_6811_fraud,6811,FRAUD_INJECTION,is_fraud,false,true,CRITICAL,Synthetic credit card compromise pattern,row['is_fraud'] := true
anom_6812_missing,6812,MISSING_NULL,customer_email,cameron_6812@icloud.com,,MEDIUM,Omitted customer contact attribute,row['customer_email'] := null
anom_6842_fraud,6842,FRAUD_INJECTION,is_fraud,false,true,CRITICAL,Synthetic credit card compromise pattern,row['is_fraud'] := true
anom_6852_fraud,6852,FRAUD_INJECTION,is_fraud,false,true,CRITICAL,Synthetic credit card compromise pattern,row['is_fraud'] := true
anom_6862_missing,6862,MISSING_NULL,customer_email,casey_6862@yahoo.com,,MEDIUM,Omitted customer contact attribute,row['customer_email'] := null
anom_6918_missing,6918,MISSING_NULL,customer_email,alex_6918@outlook.com,,MEDIUM,Omitted customer contact attribute,row['customer_email'] := null
anom_6922_extreme,6922,EXTREME_VALUE,amount,61.48,2097.51,HIGH,Outlier injected: 34.1x Gaussian baseline,row['amount'] := base_amount * 34.1
anom_6963_missing,6963,MISSING_NULL,customer_email,morgan_6963@gmail.com,,MEDIUM,Omitted customer contact attribute,row['customer_email'] := null
anom_7017_extreme,7017,EXTREME_VALUE,amount,30.26,676.74,HIGH,Outlier injected: 22.4x Gaussian baseline,row['amount'] := base_amount * 22.4
anom_7050_extreme,7050,EXTREME_VALUE,amount,99.69,2726.93,HIGH,Outlier injected: 27.4x Gaussian baseline,row['amount'] := base_amount * 27.4
anom_7066_missing,7066,MISSING_NULL,customer_email,casey_7066@outlook.com,,MEDIUM,Omitted customer contact attribute,row['customer_email'] := null
anom_7069_missing,7069,MISSING_NULL,customer_email,taylor_7069@icloud.com,,MEDIUM,Omitted customer contact attribute,row['customer_email'] := null
anom_7078_missing,7078,MISSING_NULL,customer_email,cameron_7078@icloud.com,,MEDIUM,Omitted customer contact attribute,row['customer_email'] := null
anom_7097_missing,7097,MISSING_NULL,customer_email,cameron_7097@outlook.com,,MEDIUM,Omitted customer contact attribute,row['customer_email'] := null
anom_7102_missing,7102,MISSING_NULL,customer_email,taylor_7102@icloud.com,,MEDIUM,Omitted customer contact attribute,row['customer_email'] := null
anom_7113_fraud,7113,FRAUD_INJECTION,is_fraud,false,true,CRITICAL,Synthetic credit card compromise pattern,row['is_fraud'] := true
anom_7120_missing,7120,MISSING_NULL,customer_email,cameron_7120@yahoo.com,,MEDIUM,Omitted customer contact attribute,row['customer_email'] := null
anom_7122_fraud,7122,FRAUD_INJECTION,is_fraud,false,true,CRITICAL,Synthetic credit card compromise pattern,row['is_fraud'] := true
anom_7155_fraud,7155,FRAUD_INJECTION,is_fraud,false,true,CRITICAL,Synthetic credit card compromise pattern,row['is_fraud'] := true
anom_7169_missing,7169,MISSING_NULL,customer_email,morgan_7169@icloud.com,,MEDIUM,Omitted customer contact attribute,row['customer_email'] := null
anom_7175_fraud,7175,FRAUD_INJECTION,is_fraud,false,true,CRITICAL,Synthetic credit card compromise pattern,row['is_fraud'] := true
anom_7188_missing,7188,MISSING_NULL,customer_email,cameron_7188@icloud.com,,MEDIUM,Omitted customer contact attribute,row['customer_email'] := null
anom_7200_extreme,7200,EXTREME_VALUE,amount,181.43,5746.45,HIGH,Outlier injected: 31.7x Gaussian baseline,row['amount'] := base_amount * 31.7
anom_7222_fraud,7222,FRAUD_INJECTION,is_fraud,false,true,CRITICAL,Synthetic credit card compromise pattern,row['is_fraud'] := true
anom_7243_missing,7243,MISSING_NULL,customer_email,morgan_7243@icloud.com,,MEDIUM,Omitted customer contact attribute,row['customer_email'] := null
anom_7263_fraud,7263,FRAUD_INJECTION,is_fraud,false,true,CRITICAL,Synthetic credit card compromise pattern,row['is_fraud'] := true
anom_7318_missing,7318,MISSING_NULL,customer_email,sam_7318@outlook.com,,MEDIUM,Omitted customer contact attribute,row['customer_email'] := null
anom_7323_extreme,7323,EXTREME_VALUE,amount,98.11,1718.63,HIGH,Outlier injected: 17.5x Gaussian baseline,row['amount'] := base_amount * 17.5
anom_7359_extreme,7359,EXTREME_VALUE,amount,88.19,2238.14,HIGH,Outlier injected: 25.4x Gaussian baseline,row['amount'] := base_amount * 25.4
anom_7361_missing,7361,MISSING_NULL,customer_email,taylor_7361@icloud.com,,MEDIUM,Omitted customer contact attribute,row['customer_email'] := null
anom_7363_fraud,7363,FRAUD_INJECTION,is_fraud,false,true,CRITICAL,Synthetic credit card compromise pattern,row['is_fraud'] := true
anom_7388_missing,7388,MISSING_NULL,customer_email,casey_7388@gmail.com,,MEDIUM,Omitted customer contact attribute,row['customer_email'] := null
anom_7399_fraud,7399,FRAUD_INJECTION,is_fraud,false,true,CRITICAL,Synthetic credit card compromise pattern,row['is_fraud'] := true
anom_7423_missing,7423,MISSING_NULL,customer_email,jordan_7423@yahoo.com,,MEDIUM,Omitted customer contact attribute,row['customer_email'] := null
anom_7424_extreme,7424,EXTREME_VALUE,amount,172.16,7046.41,HIGH,Outlier injected: 40.9x Gaussian baseline,row['amount'] := base_amount * 40.9
anom_7496_fraud,7496,FRAUD_INJECTION,is_fraud,false,true,CRITICAL,Synthetic credit card compromise pattern,row['is_fraud'] := true
anom_7517_fraud,7517,FRAUD_INJECTION,is_fraud,false,true,CRITICAL,Synthetic credit card compromise pattern,row['is_fraud'] := true
anom_7525_extreme,7525,EXTREME_VALUE,amount,168.64,6565.11,HIGH,Outlier injected: 38.9x Gaussian baseline,row['amount'] := base_amount * 38.9
anom_7563_extreme,7563,EXTREME_VALUE,amount,153.35,5412.77,HIGH,Outlier injected: 35.3x Gaussian baseline,row['amount'] := base_amount * 35.3
anom_7565_fraud,7565,FRAUD_INJECTION,is_fraud,false,true,CRITICAL,Synthetic credit card compromise pattern,row['is_fraud'] := true
anom_7680_extreme,7680,EXTREME_VALUE,amount,135.93,3204.65,HIGH,Outlier injected: 23.6x Gaussian baseline,row['amount'] := base_amount * 23.6
anom_7724_missing,7724,MISSING_NULL,customer_email,jordan_7724@outlook.com,,MEDIUM,Omitted customer contact attribute,row['customer_email'] := null
anom_7738_fraud,7738,FRAUD_INJECTION,is_fraud,false,true,CRITICAL,Synthetic credit card compromise pattern,row['is_fraud'] := true
anom_7746_missing,7746,MISSING_NULL,customer_email,cameron_7746@yahoo.com,,MEDIUM,Omitted customer contact attribute,row['customer_email'] := null
anom_7752_missing,7752,MISSING_NULL,customer_email,jordan_7752@outlook.com,,MEDIUM,Omitted customer contact attribute,row['customer_email'] := null
anom_7762_extreme,7762,EXTREME_VALUE,amount,114.3,3655.85,HIGH,Outlier injected: 32.0x Gaussian baseline,row['amount'] := base_amount * 32.0
anom_7769_fraud,7769,FRAUD_INJECTION,is_fraud,false,true,CRITICAL,Synthetic credit card compromise pattern,row['is_fraud'] := true
anom_7782_fraud,7782,FRAUD_INJECTION,is_fraud,false,true,CRITICAL,Synthetic credit card compromise pattern,row['is_fraud'] := true
anom_7788_fraud,7788,FRAUD_INJECTION,is_fraud,false,true,CRITICAL,Synthetic credit card compromise pattern,row['is_fraud'] := true
anom_7791_extreme,7791,EXTREME_VALUE,amount,177.59,5782.56,HIGH,Outlier injected: 32.6x Gaussian baseline,row['amount'] := base_amount * 32.6
anom_7793_extreme,7793,EXTREME_VALUE,amount,161.72,3055.07,HIGH,Outlier injected: 18.9x Gaussian baseline,row['amount'] := base_amount * 18.9
anom_7826_fraud,7826,FRAUD_INJECTION,is_fraud,false,true,CRITICAL,Synthetic credit card compromise pattern,row['is_fraud'] := true
anom_7832_fraud,7832,FRAUD_INJECTION,is_fraud,false,true,CRITICAL,Synthetic credit card compromise pattern,row['is_fraud'] := true
anom_7838_missing,7838,MISSING_NULL,customer_email,sam_7838@gmail.com,,MEDIUM,Omitted customer contact attribute,row['customer_email'] := null
anom_7840_missing,7840,MISSING_NULL,customer_email,sam_7840@yahoo.com,,MEDIUM,Omitted customer contact attribute,row['customer_email'] := null
anom_7856_missing,7856,MISSING_NULL,customer_email,morgan_7856@outlook.com,,MEDIUM,Omitted customer contact attribute,row['customer_email'] := null
anom_7866_fraud,7866,FRAUD_INJECTION,is_fraud,false,true,CRITICAL,Synthetic credit card compromise pattern,row['is_fraud'] := true
anom_7878_fraud,7878,FRAUD_INJECTION,is_fraud,false,true,CRITICAL,Synthetic credit card compromise pattern,row['is_fraud'] := true
anom_7881_fraud,7881,FRAUD_INJECTION,is_fraud,false,true,CRITICAL,Synthetic credit card compromise pattern,row['is_fraud'] := true
anom_7901_fraud,7901,FRAUD_INJECTION,is_fraud,false,true,CRITICAL,Synthetic credit card compromise pattern,row['is_fraud'] := true
anom_7917_extreme,7917,EXTREME_VALUE,amount,147.76,2305.13,HIGH,Outlier injected: 15.6x Gaussian baseline,row['amount'] := base_amount * 15.6
anom_7919_missing,7919,MISSING_NULL,customer_email,sam_7919@gmail.com,,MEDIUM,Omitted customer contact attribute,row['customer_email'] := null
anom_7970_missing,7970,MISSING_NULL,customer_email,jordan_7970@yahoo.com,,MEDIUM,Omitted customer contact attribute,row['customer_email'] := null
anom_8001_fraud,8001,FRAUD_INJECTION,is_fraud,false,true,CRITICAL,Synthetic credit card compromise pattern,row['is_fraud'] := true
anom_8007_missing,8007,MISSING_NULL,customer_email,alex_8007@outlook.com,,MEDIUM,Omitted customer contact attribute,row['customer_email'] := null
anom_8015_extreme,8015,EXTREME_VALUE,amount,160.63,2945.01,HIGH,Outlier injected: 18.3x Gaussian baseline,row['amount'] := base_amount * 18.3
anom_8022_missing,8022,MISSING_NULL,customer_email,alex_8022@gmail.com,,MEDIUM,Omitted customer contact attribute,row['customer_email'] := null
anom_8034_extreme,8034,EXTREME_VALUE,amount,99.81,1801.18,HIGH,Outlier injected: 18.0x Gaussian baseline,row['amount'] := base_amount * 18.0
anom_8037_missing,8037,MISSING_NULL,customer_email,riley_8037@outlook.com,,MEDIUM,Omitted customer contact attribute,row['customer_email'] := null
anom_8096_missing,8096,MISSING_NULL,customer_email,taylor_8096@outlook.com,,MEDIUM,Omitted customer contact attribute,row['customer_email'] := null
anom_8152_extreme,8152,EXTREME_VALUE,amount,99.21,3364.76,HIGH,Outlier injected: 33.9x Gaussian baseline,row['amount'] := base_amount * 33.9
anom_8158_fraud,8158,FRAUD_INJECTION,is_fraud,false,true,CRITICAL,Synthetic credit card compromise pattern,row['is_fraud'] := true
anom_8169_missing,8169,MISSING_NULL,customer_email,taylor_8169@outlook.com,,MEDIUM,Omitted customer contact attribute,row['customer_email'] := null
anom_8218_fraud,8218,FRAUD_INJECTION,is_fraud,false,true,CRITICAL,Synthetic credit card compromise pattern,row['is_fraud'] := true
anom_8231_missing,8231,MISSING_NULL,customer_email,morgan_8231@outlook.com,,MEDIUM,Omitted customer contact attribute,row['customer_email'] := null
anom_8264_fraud,8264,FRAUD_INJECTION,is_fraud,false,true,CRITICAL,Synthetic credit card compromise pattern,row['is_fraud'] := true
anom_8289_extreme,8289,EXTREME_VALUE,amount,118.75,4400.37,HIGH,Outlier injected: 37.1x Gaussian baseline,row['amount'] := base_amount * 37.1
anom_8296_fraud,8296,FRAUD_INJECTION,is_fraud,false,true,CRITICAL,Synthetic credit card compromise pattern,row['is_fraud'] := true
anom_8375_missing,8375,MISSING_NULL,customer_email,jordan_8375@yahoo.com,,MEDIUM,Omitted customer contact attribute,row['customer_email'] := null
anom_8386_fraud,8386,FRAUD_INJECTION,is_fraud,false,true,CRITICAL,Synthetic credit card compromise pattern,row['is_fraud'] := true
anom_8394_extreme,8394,EXTREME_VALUE,amount,68.26,3251.46,HIGH,Outlier injected: 47.6x Gaussian baseline,row['amount'] := base_amount * 47.6
anom_8407_fraud,8407,FRAUD_INJECTION,is_fraud,false,true,CRITICAL,Synthetic credit card compromise pattern,row['is_fraud'] := true
anom_8408_extreme,8408,EXTREME_VALUE,amount,187.49,4552.56,HIGH,Outlier injected: 24.3x Gaussian baseline,row['amount'] := base_amount * 24.3
anom_8420_missing,8420,MISSING_NULL,customer_email,alex_8420@icloud.com,,MEDIUM,Omitted customer contact attribute,row['customer_email'] := null
anom_8442_missing,8442,MISSING_NULL,customer_email,sam_8442@icloud.com,,MEDIUM,Omitted customer contact attribute,row['customer_email'] := null
anom_8468_missing,8468,MISSING_NULL,customer_email,jordan_8468@icloud.com,,MEDIUM,Omitted customer contact attribute,row['customer_email'] := null
anom_8493_missing,8493,MISSING_NULL,customer_email,casey_8493@gmail.com,,MEDIUM,Omitted customer contact attribute,row['customer_email'] := null
anom_8512_extreme,8512,EXTREME_VALUE,amount,133.3,5138.81,HIGH,Outlier injected: 38.6x Gaussian baseline,row['amount'] := base_amount * 38.6
anom_8520_fraud,8520,FRAUD_INJECTION,is_fraud,false,true,CRITICAL,Synthetic credit card compromise pattern,row['is_fraud'] := true
anom_8525_missing,8525,MISSING_NULL,customer_email,riley_8525@icloud.com,,MEDIUM,Omitted customer contact attribute,row['customer_email'] := null
anom_8567_fraud,8567,FRAUD_INJECTION,is_fraud,false,true,CRITICAL,Synthetic credit card compromise pattern,row['is_fraud'] := true
anom_8586_missing,8586,MISSING_NULL,customer_email,casey_8586@outlook.com,,MEDIUM,Omitted customer contact attribute,row['customer_email'] := null
anom_8611_extreme,8611,EXTREME_VALUE,amount,125.28,5866.88,HIGH,Outlier injected: 46.8x Gaussian baseline,row['amount'] := base_amount * 46.8
anom_8621_fraud,8621,FRAUD_INJECTION,is_fraud,false,true,CRITICAL,Synthetic credit card compromise pattern,row['is_fraud'] := true
anom_8633_fraud,8633,FRAUD_INJECTION,is_fraud,false,true,CRITICAL,Synthetic credit card compromise pattern,row['is_fraud'] := true
anom_8642_missing,8642,MISSING_NULL,customer_email,taylor_8642@outlook.com,,MEDIUM,Omitted customer contact attribute,row['customer_email'] := null
anom_8652_fraud,8652,FRAUD_INJECTION,is_fraud,false,true,CRITICAL,Synthetic credit card compromise pattern,row['is_fraud'] := true
anom_8695_extreme,8695,EXTREME_VALUE,amount,83.79,2690.33,HIGH,Outlier injected: 32.1x Gaussian baseline,row['amount'] := base_amount * 32.1
anom_8731_missing,8731,MISSING_NULL,customer_email,taylor_8731@outlook.com,,MEDIUM,Omitted customer contact attribute,row['customer_email'] := null
anom_8733_missing,8733,MISSING_NULL,customer_email,cameron_8733@gmail.com,,MEDIUM,Omitted customer contact attribute,row['customer_email'] := null
anom_8737_missing,8737,MISSING_NULL,customer_email,sam_8737@outlook.com,,MEDIUM,Omitted customer contact attribute,row['customer_email'] := null
anom_8756_fraud,8756,FRAUD_INJECTION,is_fraud,false,true,CRITICAL,Synthetic credit card compromise pattern,row['is_fraud'] := true
anom_8768_missing,8768,MISSING_NULL,customer_email,morgan_8768@outlook.com,,MEDIUM,Omitted customer contact attribute,row['customer_email'] := null
anom_8795_fraud,8795,FRAUD_INJECTION,is_fraud,false,true,CRITICAL,Synthetic credit card compromise pattern,row['is_fraud'] := true
anom_8819_fraud,8819,FRAUD_INJECTION,is_fraud,false,true,CRITICAL,Synthetic credit card compromise pattern,row['is_fraud'] := true
anom_8820_fraud,8820,FRAUD_INJECTION,is_fraud,false,true,CRITICAL,Synthetic credit card compromise pattern,row['is_fraud'] := true
anom_8833_missing,8833,MISSING_NULL,customer_email,alex_8833@outlook.com,,MEDIUM,Omitted customer contact attribute,row['customer_email'] := null
anom_8848_fraud,8848,FRAUD_INJECTION,is_fraud,false,true,CRITICAL,Synthetic credit card compromise pattern,row['is_fraud'] := true
anom_8853_missing,8853,MISSING_NULL,customer_email,jordan_8853@icloud.com,,MEDIUM,Omitted customer contact attribute,row['customer_email'] := null
anom_8859_missing,8859,MISSING_NULL,customer_email,taylor_8859@yahoo.com,,MEDIUM,Omitted customer contact attribute,row['customer_email'] := null
anom_8895_extreme,8895,EXTREME_VALUE,amount,149.27,2308.91,HIGH,Outlier injected: 15.5x Gaussian baseline,row['amount'] := base_amount * 15.5
anom_8910_missing,8910,MISSING_NULL,customer_email,casey_8910@icloud.com,,MEDIUM,Omitted customer contact attribute,row['customer_email'] := null
anom_8917_missing,8917,MISSING_NULL,customer_email,sam_8917@gmail.com,,MEDIUM,Omitted customer contact attribute,row['customer_email'] := null
anom_8960_missing,8960,MISSING_NULL,customer_email,taylor_8960@gmail.com,,MEDIUM,Omitted customer contact attribute,row['customer_email'] := null
anom_8973_extreme,8973,EXTREME_VALUE,amount,147.49,3001.51,HIGH,Outlier injected: 20.4x Gaussian baseline,row['amount'] := base_amount * 20.4
anom_8975_extreme,8975,EXTREME_VALUE,amount,125.06,2974.21,HIGH,Outlier injected: 23.8x Gaussian baseline,row['amount'] := base_amount * 23.8
anom_9016_extreme,9016,EXTREME_VALUE,amount,120.76,3158.02,HIGH,Outlier injected: 26.2x Gaussian baseline,row['amount'] := base_amount * 26.2
anom_9021_missing,9021,MISSING_NULL,customer_email,morgan_9021@yahoo.com,,MEDIUM,Omitted customer contact attribute,row['customer_email'] := null
anom_9026_fraud,9026,FRAUD_INJECTION,is_fraud,false,true,CRITICAL,Synthetic credit card compromise pattern,row['is_fraud'] := true
anom_9076_fraud,9076,FRAUD_INJECTION,is_fraud,false,true,CRITICAL,Synthetic credit card compromise pattern,row['is_fraud'] := true
anom_9098_fraud,9098,FRAUD_INJECTION,is_fraud,false,true,CRITICAL,Synthetic credit card compromise pattern,row['is_fraud'] := true
anom_9133_missing,9133,MISSING_NULL,customer_email,riley_9133@gmail.com,,MEDIUM,Omitted customer contact attribute,row['customer_email'] := null
anom_9145_missing,9145,MISSING_NULL,customer_email,alex_9145@icloud.com,,MEDIUM,Omitted customer contact attribute,row['customer_email'] := null
anom_9146_fraud,9146,FRAUD_INJECTION,is_fraud,false,true,CRITICAL,Synthetic credit card compromise pattern,row['is_fraud'] := true
anom_9188_fraud,9188,FRAUD_INJECTION,is_fraud,false,true,CRITICAL,Synthetic credit card compromise pattern,row['is_fraud'] := true
anom_9205_extreme,9205,EXTREME_VALUE,amount,72.96,3545.46,HIGH,Outlier injected: 48.6x Gaussian baseline,row['amount'] := base_amount * 48.6
anom_9223_missing,9223,MISSING_NULL,customer_email,cameron_9223@icloud.com,,MEDIUM,Omitted customer contact attribute,row['customer_email'] := null
anom_9276_extreme,9276,EXTREME_VALUE,amount,261.49,4749.31,HIGH,Outlier injected: 18.2x Gaussian baseline,row['amount'] := base_amount * 18.2
anom_9283_missing,9283,MISSING_NULL,customer_email,sam_9283@gmail.com,,MEDIUM,Omitted customer contact attribute,row['customer_email'] := null
anom_9304_missing,9304,MISSING_NULL,customer_email,morgan_9304@yahoo.com,,MEDIUM,Omitted customer contact attribute,row['customer_email'] := null
anom_9316_fraud,9316,FRAUD_INJECTION,is_fraud,false,true,CRITICAL,Synthetic credit card compromise pattern,row['is_fraud'] := true
anom_9322_missing,9322,MISSING_NULL,customer_email,cameron_9322@yahoo.com,,MEDIUM,Omitted customer contact attribute,row['customer_email'] := null
anom_9351_fraud,9351,FRAUD_INJECTION,is_fraud,false,true,CRITICAL,Synthetic credit card compromise pattern,row['is_fraud'] := true
anom_9360_extreme,9360,EXTREME_VALUE,amount,212.71,7064.06,HIGH,Outlier injected: 33.2x Gaussian baseline,row['amount'] := base_amount * 33.2
anom_9407_missing,9407,MISSING_NULL,customer_email,cameron_9407@yahoo.com,,MEDIUM,Omitted customer contact attribute,row['customer_email'] := null
anom_9420_fraud,9420,FRAUD_INJECTION,is_fraud,false,true,CRITICAL,Synthetic credit card compromise pattern,row['is_fraud'] := true
anom_9451_fraud,9451,FRAUD_INJECTION,is_fraud,false,true,CRITICAL,Synthetic credit card compromise pattern,row['is_fraud'] := true
anom_9471_extreme,9471,EXTREME_VALUE,amount,141.96,2510.63,HIGH,Outlier injected: 17.7x Gaussian baseline,row['amount'] := base_amount * 17.7
anom_9483_fraud,9483,FRAUD_INJECTION,is_fraud,false,true,CRITICAL,Synthetic credit card compromise pattern,row['is_fraud'] := true
anom_9514_extreme,9514,EXTREME_VALUE,amount,72.86,2086.97,HIGH,Outlier injected: 28.6x Gaussian baseline,row['amount'] := base_amount * 28.6
anom_9533_extreme,9533,EXTREME_VALUE,amount,132.28,4823.51,HIGH,Outlier injected: 36.5x Gaussian baseline,row['amount'] := base_amount * 36.5
anom_9546_missing,9546,MISSING_NULL,customer_email,cameron_9546@yahoo.com,,MEDIUM,Omitted customer contact attribute,row['customer_email'] := null
anom_9574_extreme,9574,EXTREME_VALUE,amount,152.12,2739.15,HIGH,Outlier injected: 18.0x Gaussian baseline,row['amount'] := base_amount * 18.0
anom_9603_fraud,9603,FRAUD_INJECTION,is_fraud,false,true,CRITICAL,Synthetic credit card compromise pattern,row['is_fraud'] := true
anom_9604_missing,9604,MISSING_NULL,customer_email,riley_9604@outlook.com,,MEDIUM,Omitted customer contact attribute,row['customer_email'] := null
anom_9625_missing,9625,MISSING_NULL,customer_email,cameron_9625@yahoo.com,,MEDIUM,Omitted customer contact attribute,row['customer_email'] := null
anom_9646_missing,9646,MISSING_NULL,customer_email,alex_9646@gmail.com,,MEDIUM,Omitted customer contact attribute,row['customer_email'] := null
anom_9677_missing,9677,MISSING_NULL,customer_email,riley_9677@gmail.com,,MEDIUM,Omitted customer contact attribute,row['customer_email'] := null
anom_9781_extreme,9781,EXTREME_VALUE,amount,118.48,3730.05,HIGH,Outlier injected: 31.5x Gaussian baseline,row['amount'] := base_amount * 31.5
anom_9818_fraud,9818,FRAUD_INJECTION,is_fraud,false,true,CRITICAL,Synthetic credit card compromise pattern,row['is_fraud'] := true
anom_9848_fraud,9848,FRAUD_INJECTION,is_fraud,false,true,CRITICAL,Synthetic credit card compromise pattern,row['is_fraud'] := true
anom_9854_missing,9854,MISSING_NULL,customer_email,cameron_9854@outlook.com,,MEDIUM,Omitted customer contact attribute,row['customer_email'] := null
anom_9952_missing,9952,MISSING_NULL,customer_email,sam_9952@icloud.com,,MEDIUM,Omitted customer contact attribute,row['customer_email'] := null
anom_9963_missing,9963,MISSING_NULL,customer_email,riley_9963@outlook.com,,MEDIUM,Omitted customer contact attribute,row['customer_email'] := null
anom_9971_missing,9971,MISSING_NULL,customer_email,jordan_9971@outlook.com,,MEDIUM,Omitted customer contact attribute,row['customer_email'] := null
anom_9979_missing,9979,MISSING_NULL,customer_email,taylor_9979@outlook.com,,MEDIUM,Omitted customer contact attribute,row['customer_email'] := null
anom_9985_missing,9985,MISSING_NULL,customer_email,morgan_9985@gmail.com,,MEDIUM,Omitted customer contact attribute,row['customer_email'] := null
